{
  "$schema": "https://raw.githubusercontent.com/grafana/grafana/master/docs/sources/developers/plugins/plugin.schema.json",
  "type": "datasource",
  "name": "D2000",
  "id": "michaltvrdy-d2000-datasource",
  "metrics": true,
  "info": {
    "description": "",
    "author": {
      "name": "Michal tvrdy"
    },
    "keywords": ["datasource"],
    "logos": {
      "small": "img/D2000_logo.png",
      "large": "img/D2000_logo.png"
    },
    "links": [],
    "screenshots": [],
    "version": "1.0.0",
    "updated": "2024-01-26"
  },
  "dependencies": {
    "grafanaDependency": "^9.3.8",
    "plugins": []
  }
}
